SA2_CODE,LAB_FORCE,UNEMPLOYED,PERC_UNEMPLOYED
101021007,1721,73,0.04241719930273097
101021008,4392,208,0.04735883424408015
101021009,5918,306,0.05170665765461305
101021010,2788,140,0.05021520803443329
101021011,9078,265,0.029191451861643535
101021012,7386,254,0.03438938532358516
101031013,1117,50,0.044762757385854966
101031014,3042,143,0.04700854700854701
101031015,1627,60,0.03687768899815612
101031016,3974,73,0.01836940110719678
101041017,2764,225,0.08140376266280752
101041018,3130,266,0.08498402555910543
101041019,3657,181,0.049494120864096255
101041020,3940,235,0.05964467005076142
101041021,1286,56,0.04354587869362364
101041022,6,0,0
101041023,1238,86,0.06946688206785137
101041024,1500,98,0.06533333333333333
101041025,4299,197,0.0458246103745057
101041026,3080,207,0.0672077922077922
101041027,3016,177,0.058687002652519894
101051539,10415,708,0.06797887662025924
101051540,5955,253,0.04248530646515533
101061541,3068,110,0.03585397653194263
101061542,6189,175,0.028275973501373404
101061543,4462,275,0.061631555356342446
101061544,3269,163,0.04986234322422759
102011028,3836,213,0.055526590198123046
102011029,4967,225,0.04529897322327361
102011030,2337,85,0.036371416345742404
102011031,5932,311,0.052427511800404586
102011032,9184,686,0.07469512195121951
102011033,3366,215,0.06387403446226976
102011034,3136,187,0.05963010204081633
102011035,3489,197,0.05646316996274004
102011036,4146,236,0.056922334780511334
102011037,3002,187,0.06229180546302465
102011038,3346,158,0.04722056186491333
102011039,6924,350,0.05054881571346043
102011040,9954,775,0.07785814747840064
102011041,4872,198,0.04064039408866995
102011042,5767,474,0.0821917808219178
102011043,5074,382,0.07528577059519118
102021044,9958,631,0.06336613777867041
102021045,5020,468,0.09322709163346614
102021046,3932,344,0.08748728382502544
102021047,7707,455,0.05903723887375113
102021048,9106,820,0.09005051614320228
102021049,1699,58,0.034137728075338436
102021050,4277,321,0.07505260696750059
102021051,2598,133,0.051193225558121634
102021052,2550,203,0.0796078431372549
102021053,6343,519,0.08182248147564244
102021054,3758,302,0.08036189462480042
102021055,2576,164,0.06366459627329192
102021056,7126,429,0.06020207690148751
102021057,3696,370,0.1001082251082251
103011058,11168,723,0.06473853868194843
103011059,5217,307,0.058846080122675865
103011060,3271,144,0.044023234484867016
103011061,2055,124,0.06034063260340632
103021062,2852,184,0.06451612903225806
103021063,3639,264,0.07254740313272877
103021064,2394,131,0.054720133667502086
103021065,4418,244,0.0552286102308737
103021066,1511,79,0.05228325612177366
103021067,4724,342,0.07239627434377646
103021068,1471,114,0.07749830047586675
103021069,2619,95,0.036273386788850705
103031070,4946,423,0.08552365547917509
103031071,3504,225,0.0642123287671233
103031072,5339,297,0.0556283948304926
103031073,1209,127,0.10504549214226634
103031074,4342,309,0.07116536158452326
103031075,0,0,NaN
103041076,3430,200,0.05830903790087463
103041077,8277,631,0.0762353509725746
103041078,9845,540,0.05485017775520569
103041079,5754,210,0.0364963503649635
104011080,7225,731,0.1011764705882353
104011081,6176,561,0.09083549222797928
104011082,5746,439,0.07640097459101984
104021083,2437,176,0.07221994255231842
104021084,7405,565,0.07629979743416611
104021085,4289,307,0.07157845651667055
104021086,1848,116,0.06277056277056277
104021087,1288,106,0.08229813664596274
104021088,4245,231,0.05441696113074205
104021089,8686,689,0.07932304858392816
104021090,1923,137,0.07124284971398856
104021091,5272,404,0.07663125948406677
105011092,1559,149,0.09557408595253368
105011093,2144,124,0.05783582089552239
105011094,1666,143,0.0858343337334934
105011095,2228,145,0.06508078994614004
105011096,2430,264,0.10864197530864197
105021097,7572,668,0.08821975699947174
105021098,1013,73,0.07206317867719644
105031099,3110,237,0.07620578778135048
105031100,5103,315,0.06172839506172839
105031101,8480,437,0.05153301886792453
105031102,4070,252,0.06191646191646192
105031103,2895,108,0.03730569948186528
105031104,1963,114,0.058074375955170655
105031105,2836,206,0.07263751763046544
105031106,3168,290,0.09154040404040405
106011107,5064,293,0.05785939968404424
106011108,8664,878,0.10133887349953832
106011109,3522,210,0.059625212947189095
106011110,4111,227,0.05521770858671856
106011111,7603,722,0.09496251479679074
106011112,8129,560,0.0688891622585804
106011113,2305,106,0.04598698481561822
106021114,3197,253,0.07913669064748201
106021115,12928,969,0.0749535891089109
106021116,3873,161,0.041569842499354505
106021117,10708,861,0.08040717220769518
106021118,5412,299,0.05524759793052476
106031119,2534,164,0.06471981057616416
106031120,2503,221,0.08829404714342788
106031121,8381,602,0.07182913733444696
106031122,5855,583,0.0995730145175064
106031123,2897,127,0.043838453572661376
106031124,1539,130,0.08447043534762833
106031125,6450,377,0.05844961240310077
106041126,5385,519,0.09637883008356546
106041127,1954,81,0.041453428863868984
106041128,2758,122,0.04423495286439449
106041129,3854,197,0.05111572392319668
107011131,10462,801,0.07656279870005735
107011132,4477,208,0.046459682823319186
107011133,3,3,1
107011134,7497,457,0.060957716419901296
107011545,5523,519,0.09397066811515481
107011546,3485,420,0.12051649928263988
107011547,1717,132,0.0768782760629004
107021135,7,0,0
107031136,7289,408,0.05597475648237069
107031137,3128,228,0.07289002557544758
107031138,3402,174,0.05114638447971781
107031139,2887,138,0.04780048493245584
107031140,3598,119,0.033073929961089495
107031141,8510,472,0.0554641598119859
107031142,4757,322,0.06768972041202438
107031143,8118,770,0.0948509485094851
107041144,9738,708,0.07270486752926679
107041145,7116,520,0.07307476110174255
107041146,9994,735,0.07354412647588553
107041147,4810,176,0.03659043659043659
107041148,5755,255,0.044309296264118156
107041150,9512,443,0.04657275021026072
107041548,6871,558,0.08121088633386697
107041549,8057,825,0.1023954325431302
108011151,1993,141,0.07074761665830406
108011152,4970,400,0.08048289738430583
108011153,2221,197,0.08869878433138226
108011154,1821,182,0.09994508511806699
108021155,4945,480,0.09706774519716886
108021156,3688,280,0.07592190889370933
108021157,1756,151,0.08599088838268792
108021158,2062,232,0.11251212415130941
108021159,3053,258,0.08450704225352113
108021160,1726,136,0.07879490150637311
108031161,228,3,0.013157894736842105
108041162,5945,453,0.07619848612279226
108041163,12303,792,0.06437454279444038
108041164,6557,432,0.06588378831782828
108041165,2423,131,0.0540652084193149
108041166,4581,338,0.07378301680855709
108051167,1955,144,0.07365728900255754
108051168,4201,329,0.07831468697929064
108051169,7434,803,0.10801721818670972
108051170,4745,447,0.09420442571127502
108051171,2066,200,0.0968054211035818
109011172,7823,392,0.050108653969065574
109011173,4596,365,0.07941688424717146
109011174,4992,317,0.06350160256410256
109011175,5519,235,0.042580177568400074
109011176,6397,585,0.09144911677348758
109021177,1371,62,0.04522246535375638
109021178,2540,168,0.06614173228346457
109021179,1691,79,0.04671791839148433
109031180,2350,138,0.05872340425531915
109031181,2860,115,0.04020979020979021
109031182,3278,185,0.05643685173886516
109031183,3156,105,0.03326996197718631
109031184,2545,101,0.03968565815324165
109031185,4017,188,0.04680109534478467
110011186,10515,876,0.0833095577746077
110011187,2151,105,0.04881450488145049
110011188,2875,140,0.04869565217391304
110011189,1516,48,0.0316622691292876
110021190,3509,283,0.08064975776574522
110021191,4904,371,0.07565252854812399
110021192,2030,172,0.08472906403940887
110021193,2492,133,0.05337078651685393
110021194,2558,200,0.07818608287724785
110031195,3570,271,0.07591036414565826
110031196,2599,113,0.043478260869565216
110031197,3351,202,0.060280513279618024
110031198,2192,126,0.05748175182481752
110041199,4134,245,0.05926463473633285
110041200,2024,109,0.053853754940711464
110041201,3258,241,0.07397176181706569
110041202,9672,558,0.057692307692307696
110041203,7056,405,0.05739795918367347
110041204,2182,244,0.11182401466544455
110041205,8615,397,0.04608241439349971
111011206,8224,565,0.06870136186770429
111011207,2451,206,0.08404732762137902
111011208,11767,703,0.05974335004674088
111011209,11676,773,0.06620417951353204
111011210,3574,330,0.0923335198656967
111011211,1591,87,0.054682589566310495
111011212,4989,374,0.0749649228302265
111011213,5952,326,0.054771505376344086
111011214,6510,408,0.06267281105990784
111021215,3707,385,0.10385756676557864
111021216,3888,295,0.07587448559670781
111021217,7093,388,0.05470181869448752
111021218,6109,449,0.07349811753151088
111021219,5747,454,0.0789977379502349
111021220,4045,287,0.07095179233621755
111021221,3238,234,0.07226683137739345
111031222,8081,473,0.05853235985645341
111031223,3589,404,0.11256617442184452
111031224,6135,465,0.07579462102689487
111031225,8459,468,0.05532568861567561
111031226,7138,444,0.06220229756234239
111031227,7592,648,0.08535300316122234
111031228,7494,304,0.040565785962103015
111031229,6338,363,0.05727358788261281
111031230,4,0,0
111031231,5014,796,0.1587554846429996
111031232,2927,193,0.06593782029381619
111031233,8969,740,0.08250641097112275
111031234,6006,537,0.08941058941058941
111031235,4538,298,0.06566769501983252
112011236,6786,440,0.06483937518420277
112011237,7715,434,0.05625405055087492
112011238,2711,130,0.04795278495020288
112011239,3748,294,0.0784418356456777
112011240,4573,267,0.05838617975071069
112011241,2095,151,0.0720763723150358
112011242,3999,208,0.052013003250812706
112011243,3394,255,0.07513258691809074
112021244,4615,402,0.08710725893824485
112021245,2870,196,0.06829268292682927
112021246,5876,402,0.06841388699795779
112021247,2911,257,0.08828581243558914
112021248,6710,682,0.10163934426229508
112021249,7254,450,0.062034739454094295
112031250,5829,358,0.061417052667696
112031251,3524,276,0.07832009080590238
112031252,4221,288,0.06823027718550106
112031253,5875,387,0.06587234042553192
112031254,7920,653,0.08244949494949495
112031550,6638,419,0.0631214221150949
112031551,1641,105,0.06398537477148081
112031552,2806,234,0.08339272986457591
113011256,8971,475,0.05294838925426374
113011257,6470,245,0.03786707882534776
113011258,4489,230,0.05123635553575406
113011259,2557,148,0.05788032850997262
113021260,1525,69,0.04524590163934426
113021261,2651,172,0.06488117691437194
113021262,2174,97,0.04461821527138914
113031263,2992,184,0.06149732620320856
113031264,1658,73,0.04402895054282268
113031265,2409,116,0.048152760481527605
113031266,2858,142,0.0496850944716585
113031267,8294,388,0.046780805401495054
113031268,2339,132,0.05643437366395896
113031269,10595,628,0.059273242095327985
113031270,6044,433,0.07164129715420252
113031271,7266,297,0.04087530966143683
114011272,3566,107,0.030005608524957934
114011273,1363,98,0.0719002201027146
114011274,1867,139,0.07445099089448312
114011275,25,3,0.12
114011276,1768,89,0.050339366515837106
114011277,6837,390,0.05704256252742431
114011278,7818,659,0.08429265796878997
114011279,4924,436,0.08854589764419171
114011280,1321,100,0.0757002271006813
114011281,1648,68,0.0412621359223301
114011282,5697,364,0.06389327716341935
114011283,2011,133,0.06613625062158131
114021284,5174,205,0.03962118283726324
114021285,3041,131,0.04307793488983887
114021286,4101,148,0.03608875883930748
114021287,4451,163,0.03662098404852842
114021288,1673,52,0.031081888822474597
114021289,3006,105,0.03493013972055888
115011290,11783,583,0.04947806161418993
115011291,11165,574,0.05141065830721003
115011294,3123,122,0.039065001601024656
115011296,6846,314,0.04586619924043237
115011553,4017,189,0.04705003734129948
115011554,2278,113,0.04960491659350307
115011555,6236,327,0.052437459910198846
115011556,4991,251,0.05029052294129433
115011557,2905,152,0.05232358003442341
115011558,9876,526,0.0532604293236128
115011559,12709,568,0.0446927374301676
115021297,10917,353,0.032334890537693506
115021298,2649,94,0.03548508871272178
115031299,1275,69,0.05411764705882353
115031300,11830,410,0.034657650042265425
115041301,5661,158,0.02791026320438085
115041302,12366,519,0.04196991751576904
116011303,8491,668,0.07867153456601107
116011304,8638,706,0.0817318823801806
116011306,11104,858,0.07726945244956772
116011307,12499,744,0.05952476198095848
116011308,11809,790,0.06689812854602421
116011560,5929,484,0.08163265306122448
116011561,7835,560,0.07147415443522655
116021309,8927,542,0.06071468578469811
116021310,16890,809,0.04789816459443458
116021312,8886,473,0.05322979968489759
116021562,2181,108,0.04951856946354883
116021563,12652,759,0.0599905153335441
116031313,6630,872,0.13152337858220212
116031314,4207,296,0.07035892560019016
116031315,10539,750,0.07116424708226587
116031316,7920,853,0.1077020202020202
116031317,8941,995,0.11128509115311487
116031318,17,0,0
116031319,10580,727,0.06871455576559546
117011320,15,0,0
117011321,5859,229,0.03908516811742618
117011322,13048,803,0.06154199877375843
117011323,5387,325,0.06033042509745684
117011324,4,0,0
117011325,23,0,0
117021326,14723,820,0.05569517082116417
117021327,12367,532,0.04301770841756287
117021328,4750,217,0.04568421052631579
117031329,7456,341,0.04573497854077253
117031330,11449,400,0.03493754913092847
117031331,11390,716,0.06286215978928884
117031332,15537,948,0.06101564008495849
117031333,12779,542,0.04241333437671179
117031334,12440,947,0.07612540192926046
117031335,12654,957,0.07562825983878615
117031336,10670,491,0.04601686972820993
117031337,16168,1046,0.06469569520039585
117031338,18325,1279,0.06979536152796725
118011339,10822,406,0.037516170763260026
118011340,12323,455,0.03692282723362818
118011341,9003,370,0.04109741197378652
118011342,0,0,NaN
118011343,13267,433,0.03263737092032863
118011344,5739,233,0.040599407562293084
118011345,9316,312,0.033490768570201807
118011346,5599,214,0.038221110912662976
118011347,4096,133,0.032470703125
118021348,14693,547,0.03722861226434356
118021350,10707,484,0.04520407210236294
118021564,7311,782,0.10696211188619888
118021565,7121,746,0.10476056733604831
118021566,5010,213,0.04251497005988024
118021567,5228,261,0.04992348890589136
118021568,5034,344,0.06833531982518871
118021569,9984,375,0.03756009615384615
118021570,7248,292,0.04028697571743929
119011354,8417,738,0.08767969585362956
119011355,458,22,0.048034934497816595
119011356,4673,386,0.08260218275197946
119011357,9596,842,0.08774489370571072
119011358,8051,497,0.061731461930195006
119011359,12875,658,0.05110679611650486
119011360,7807,491,0.06289227616241834
119011361,8334,804,0.0964722822174226
119011571,6656,719,0.10802283653846154
119011572,6292,687,0.10918626827717737
119021362,8608,623,0.07237453531598513
119021363,15066,1296,0.08602150537634409
119021364,11227,546,0.04863276030996704
119021366,8109,825,0.10173880873103959
119021367,6079,441,0.07254482645171903
119021573,6553,884,0.13490004578055853
119021574,4150,500,0.12048192771084337
119031368,11577,1068,0.0922518787250583
119031369,12802,715,0.05585064833619747
119031370,6450,491,0.07612403100775193
119031371,6572,314,0.047778454047474134
119031372,8623,397,0.04603966137075264
119031373,4839,470,0.09712750568299236
119031374,12101,850,0.0702421287496901
119041375,11777,781,0.06631570009340239
119041376,13061,862,0.06599800934078555
119041377,6100,342,0.0560655737704918
119041378,6197,433,0.06987251896078747
119041379,8446,527,0.062396400663035756
119041380,6901,339,0.04912331546152732
119041381,10895,791,0.07260211106011932
119041382,7837,368,0.04695674365190762
120011383,11286,477,0.04226475279106858
120011384,13452,960,0.07136485280999108
120011385,9897,344,0.034758007477013235
120011386,10825,442,0.04083140877598152
120021387,8722,347,0.03978445310708553
120021388,15094,621,0.041142175698953225
120021389,8007,288,0.0359685275384039
120031390,13490,936,0.06938472942920682
120031391,12401,1070,0.08628336424481897
120031392,5598,269,0.04805287602715255
120031393,8761,454,0.05182056842826161
120031394,9698,485,0.05001031140441328
120031395,7390,307,0.041542625169147494
120031396,8852,707,0.07986895616809761
120031575,13520,907,0.06708579881656805
120031576,1874,128,0.06830309498399147
121011398,14509,895,0.06168585016196843
121011399,11915,587,0.049265631556861096
121011400,14334,625,0.04360262313380773
121011401,6586,260,0.03947767992711813
121011402,12467,511,0.04098820887142055
121021403,10027,416,0.04148798244739204
121021404,6414,243,0.03788587464920486
121021406,9422,399,0.04234769687964339
121021577,6684,439,0.06567923399162179
121021578,5407,295,0.05455890512298872
121021579,4802,297,0.06184922948771345
121031407,10335,606,0.05863570391872279
121031408,11450,517,0.0451528384279476
121031409,8301,406,0.048909769907240094
121031410,9988,422,0.04225070084100921
121031411,8982,387,0.04308617234468938
121031412,8732,369,0.042258360054970225
121041413,11273,423,0.03752328572695822
121041414,11533,395,0.03424954478453134
121041415,14575,567,0.03890222984562607
121041416,11067,426,0.03849281648143128
121041417,6679,255,0.038179368168887555
122011418,10283,369,0.0358844695127881
122011419,12754,472,0.03700799749098322
122021420,6356,242,0.03807426054122089
122021421,5185,165,0.03182256509161042
122021422,7147,236,0.03302084790821324
122021423,12540,396,0.031578947368421054
122031424,6994,251,0.035887903917643696
122031425,3799,112,0.029481442484864437
122031426,14576,522,0.03581229418221735
122031427,6118,234,0.038247793396534814
122031428,12638,493,0.0390093369203988
122031429,12160,384,0.031578947368421054
122031430,8800,323,0.036704545454545455
122031431,13093,386,0.029481402276025356
122031432,1867,66,0.03535083020889127
123011433,6466,212,0.03278688524590164
123011434,11268,486,0.04313099041533546
123011435,16019,710,0.044322367188963104
123021436,8439,752,0.08911008413319113
123021437,8545,669,0.07829139847864248
123021438,10174,690,0.06781993316296442
123021439,0,0,NaN
123021440,9782,734,0.07503578000408914
123021441,8109,532,0.06560611666050067
123021442,10529,986,0.09364612023933896
123021443,9650,751,0.07782383419689119
123021444,9963,762,0.07648298705209275
123031445,2840,125,0.04401408450704225
123031446,5106,143,0.02800626713670192
123031447,8303,412,0.04962061905335421
123031448,4767,185,0.03880847493182295
124011449,2442,137,0.0561015561015561
124011450,9910,382,0.03854692230070636
124011451,12,0,0
124011452,5952,394,0.06619623655913978
124011453,5627,279,0.04958237071263551
124011454,10992,436,0.03966521106259097
124011455,2651,144,0.05431912485854395
124021456,0,0,NaN
124031457,8186,442,0.05399462496946005
124031458,12782,588,0.04600219058050383
124031459,7294,305,0.0418151905675898
124031460,12093,476,0.0393616141569503
124031461,8627,473,0.05482786600208647
124031462,9707,742,0.07643968270320388
124031463,5169,196,0.03791835945057071
124031464,6296,537,0.08529224904701398
124031465,2820,112,0.03971631205673759
124041466,6720,390,0.05803571428571429
124041467,8045,407,0.05059042883778744
124041468,3327,112,0.03366396152690111
124051469,3853,185,0.048014534129249935
124051470,10795,550,0.05094951366373321
124051580,5405,431,0.07974098057354302
124051581,7057,701,0.09933399461527562
125011473,9607,532,0.05537628812324347
125011475,0,0,NaN
125011582,7219,942,0.13048898739437595
125011583,5453,736,0.13497157527966258
125011584,3300,346,0.10484848484848484
125011585,4113,415,0.10089958667639193
125011586,10113,863,0.08533570651636507
125011587,2210,207,0.09366515837104072
125021476,13312,850,0.06385216346153846
125021477,10377,642,0.06186759178953455
125021478,8599,589,0.0684963367833469
125031479,7095,708,0.09978858350951374
125031480,5475,620,0.1132420091324201
125031481,9272,988,0.10655737704918032
125031482,12664,693,0.05472204674668351
125031483,7200,809,0.1123611111111111
125031484,8692,805,0.09261389783709158
125031485,12600,1165,0.09246031746031746
125031486,13,4,0.3076923076923077
125031487,6,0,0
125041489,11466,982,0.08564451421594278
125041490,3922,166,0.04232534421213666
125041491,10592,733,0.06920317220543806
125041492,15872,1474,0.0928679435483871
125041493,10685,686,0.06420215255030416
125041494,5512,229,0.041545718432510884
125041588,5821,453,0.07782168012369009
125041589,7591,709,0.09340007904096957
126011495,14032,961,0.06848631698973774
126011496,10567,501,0.04741175357244251
126021497,12481,858,0.06874449162727346
126021498,7688,316,0.041103017689906346
126021499,4605,148,0.03213897937024973
126021500,11163,1002,0.08976081698468154
126021501,6206,314,0.05059619722848856
126021503,11087,718,0.06476053035086136
126021590,2158,84,0.03892493049119555
126021591,14340,835,0.05822873082287308
127011504,5289,767,0.14501796180752505
127011505,4063,212,0.05217819345311346
127011506,9258,344,0.037157053359256856
127011592,21,0,0
127011593,3558,202,0.0567734682405846
127011594,5705,474,0.08308501314636284
127011595,6005,453,0.07543713572023314
127011596,5667,307,0.054173283924475034
127011597,7640,435,0.05693717277486911
127021509,6863,668,0.09733352761183156
127021510,8637,558,0.06460576589093435
127021511,10005,1425,0.1424287856071964
127021512,6940,784,0.11296829971181556
127021513,8466,1086,0.12827781715095676
127021514,4534,362,0.07984119982355536
127021515,6006,869,0.1446886446886447
127021516,7122,750,0.10530749789385004
127021517,3424,293,0.08557242990654206
127021518,2134,79,0.037019681349578254
127021519,7252,612,0.08439051296194153
127021520,4640,385,0.08297413793103449
127021521,19,0,0
127031522,7131,535,0.07502454073762446
127031523,9260,470,0.05075593952483801
127031524,11275,477,0.0423059866962306
127031598,9617,1104,0.11479671415202246
127031599,3886,459,0.11811631497683994
127031600,8521,533,0.062551343738997775
127031601,2247,314,0.13974187805963506
128011529,9533,322,0.03377740480436379
128011530,9144,387,0.04232283464566929
128011531,7394,331,0.044766026507979444
128011602,6270,225,0.03588516746411483
128011603,6168,192,0.0311284046692607
128011604,13391,447,0.03338062878052423
128011605,1719,38,0.02210587550901687
128011606,4205,103,0.024494649227110584
128021533,3337,130,0.03895714713814804
128021534,6007,219,0.03645746628932912
128021535,12132,447,0.03684470820969337
128021536,11095,392,0.03533123028391167
128021537,13,0,0
128021538,11272,446,0.03956706884315117
128021607,8737,261,0.029872954103239098
128021608,3885,117,0.030115830115830116
128021609,2245,53,0.023608017817371936
197979799,130,4,0.03076923076923077
199999499,4272,941,0.22027153558052434
201011001,6055,311,0.051362510322047895
201011002,5880,383,0.0651360544217687
201011003,11266,741,0.06577312266998048
201011004,10981,989,0.09006465713505145
201011005,3499,212,0.06058873963989711
201011006,3511,225,0.06408430646539448
201011007,2030,85,0.04187192118226601
201011008,6024,514,0.08532536520584329
201021009,2866,167,0.058269364968597345
201021010,3372,199,0.05901542111506524
201021011,4067,181,0.0445045488074748
201021012,2799,135,0.04823151125401929
201031013,1303,93,0.0713737528779739
201031014,1727,97,0.0561667631731326
201031015,2064,148,0.07170542635658915
201031016,2810,223,0.07935943060498221
201031017,2042,204,0.09990205680705191
202011018,6604,557,0.08434282253179891
202011019,5126,462,0.09012875536480687
202011020,6365,424,0.06661429693637078
202011021,4702,360,0.07656316461080391
202011022,8800,600,0.06818181818181818
202011023,2644,109,0.041225416036308624
202011024,4388,168,0.03828623518687329
202011025,5912,275,0.046515561569688765
202021026,3679,158,0.04294645284044577
202021027,4274,228,0.05334581188582124
202021028,3850,207,0.05376623376623377
202021029,1701,125,0.07348618459729571
202021030,4482,188,0.04194556001784917
202021031,3323,159,0.047848329822449596
202031032,2070,96,0.0463768115942029
202031033,2785,146,0.05242369838420108
203011034,3149,118,0.03747221340107971
203011035,3447,158,0.04583695967507978
203011036,2907,96,0.033023735810113516
203021037,6896,418,0.060614849187935034
203021038,10150,1318,0.12985221674876848
203021039,6683,379,0.05671105790812509
203021040,10296,592,0.057498057498057496
203021041,11630,649,0.05580395528804815
203021042,11267,651,0.05777935564036567
203021043,8755,416,0.04751570531125071
203021044,6284,347,0.055219605346912795
203021045,6432,474,0.07369402985074627
203021046,5165,254,0.049177153920619554
203021047,6632,494,0.07448733413751508
203031048,6029,355,0.05888206999502405
203031049,2350,74,0.03148936170212766
203031050,11457,468,0.0408483896307934
203031051,2591,216,0.08336549594751061
203031052,1556,59,0.037917737789203085
203031053,9259,386,0.04168916729668431
204011054,2787,137,0.04915679942590599
204011055,2742,130,0.04741064916119621
204011056,6415,372,0.05798908807482463
204011057,4049,138,0.03408248950358113
204011058,1849,82,0.04434829637641969
204011059,2648,189,0.07137462235649547
204011060,2251,93,0.041314971123944916
204011061,72,3,0.041666666666666664
204011062,1548,83,0.053617571059431525
204021063,4244,254,0.05984919886899152
204021064,1766,63,0.03567383918459796
204021065,1849,89,0.04813412655489454
204021066,8308,447,0.053803562831006256
204021067,4923,172,0.034938045906967294
204031068,2071,75,0.036214389183969097
204031069,3800,118,0.03105263157894737
204031070,1608,88,0.05472636815920398
204031071,2145,106,0.04941724941724942
204031072,2784,133,0.04777298850574713
204031073,7379,420,0.05691828160997425
204031074,11985,744,0.06207759699624531
204031075,2329,87,0.0373550880206097
205011076,7215,434,0.060152460152460153
205011077,2906,155,0.05333792154163799
205011078,3616,180,0.049778761061946904
205011079,8831,479,0.05424074283773072
205021080,4,0,0
205021081,6092,368,0.060407091267235716
205021082,3662,186,0.05079191698525396
205021083,0,0,NaN
205021084,3720,266,0.07150537634408602
205021085,2527,226,0.08943411159477642
205021086,2208,117,0.05298913043478261
205031087,3693,186,0.050365556458164096
205031088,46,0,0
205031089,4232,226,0.05340264650283554
205031090,5e3,221,0.0442
205031091,4303,254,0.05902858470834302
205031092,12,0,0
205031093,8994,597,0.06637758505670446
205041094,5315,455,0.08560677328316087
205041095,6901,812,0.11766410665120997
205041096,5225,753,0.14411483253588517
205041097,12858,950,0.07388396329133613
205041098,2266,181,0.07987643424536628
205051099,17,0,0
205051100,1787,117,0.06547285954113038
205051101,6415,347,0.05409197194076384
205051102,1975,129,0.06531645569620254
205051103,6600,445,0.06742424242424243
205051104,2301,151,0.06562364189482833
206011105,16058,952,0.05928509154315606
206011106,7053,400,0.05671345526726216
206011107,7906,517,0.06539337212243865
206011108,14246,1004,0.07047592306612382
206011109,5145,297,0.05772594752186589
206021110,5191,273,0.05259102292429205
206021111,14250,675,0.04736842105263158
206021112,10382,572,0.055095357349258335
206031113,8122,515,0.06340802757941394
206031114,15429,756,0.04899863892669648
206031115,5148,521,0.1012043512043512
206031116,8013,423,0.052789217521527515
206041117,8062,1561,0.19362441081617465
206041118,6382,484,0.0758382952052648
206041119,3148,120,0.03811944091486658
206041120,40,3,0.075
206041121,6619,321,0.04849675177519263
206041122,18649,2805,0.1504102096627165
206041123,11110,1157,0.10414041404140414
206041124,3996,493,0.12337337337337337
206041125,3534,155,0.043859649122807015
206041126,11615,906,0.07800258286698235
206041127,0,0,NaN
206051128,8503,420,0.04939433141244267
206051129,9719,443,0.04558082107212676
206051130,9304,372,0.03998280309544282
206051131,13,0,0
206051132,6505,385,0.05918524212144504
206051133,16314,943,0.05780311388991051
206051134,10443,514,0.0492195729196591
206061135,5063,235,0.04641516887221015
206061136,12728,573,0.04501885606536769
206061137,13235,741,0.055987910842463164
206061138,6835,291,0.042574981711777614
206071139,5468,291,0.05321872713972202
206071140,5282,244,0.046194623248769405
206071141,5065,353,0.06969397828232972
206071142,5850,430,0.0735042735042735
206071143,7388,354,0.04791553871142393
206071144,19695,945,0.04798172124904798
206071145,5311,227,0.04274147994727923
207011146,3863,201,0.05203209940460782
207011147,7540,459,0.060875331564986736
207011148,9836,603,0.06130540870272468
207011149,10732,578,0.05385762206485278
207011150,8688,428,0.049263351749539594
207011151,13502,895,0.06628647607761813
207011152,8544,436,0.05102996254681648
207011153,12912,660,0.05111524163568773
207011154,3320,164,0.04939759036144578
207011155,8158,412,0.050502574160333415
207021156,5242,326,0.06219000381533766
207021157,9672,731,0.07557899090157155
207021159,8062,463,0.05742991813445795
207021160,6258,373,0.059603707254713964
207021424,7223,469,0.06493146891873183
207021425,6410,487,0.07597503900156007
207031161,10776,675,0.0626391982182628
207031162,4985,279,0.0559679037111334
207031163,9728,870,0.08943256578947369
207031164,8783,590,0.06717522486621884
207031165,5659,763,0.13482947517229193
207031166,4859,386,0.07944021403580984
207031167,5346,254,0.04751215862326973
208011168,6715,300,0.044676098287416234
208011169,10940,476,0.043510054844606946
208011170,7734,408,0.05275407292474787
208011171,5705,269,0.04715162138475022
208011172,8868,431,0.04860171402796572
208011173,8240,330,0.04004854368932039
208021174,11412,703,0.06160182264283211
208021176,9755,707,0.07247565351101999
208021177,10739,587,0.05466058292205978
208021178,8980,422,0.046993318485523385
208021179,6216,253,0.0407014157014157
208021180,4077,280,0.06867794947265146
208021181,5219,343,0.06572140256754168
208021182,7451,504,0.06764192725808617
208021426,7494,385,0.05137443287963704
208021427,6643,359,0.05404184856239651
208031183,4888,216,0.044189852700491
208031184,20,0,0
208031185,6099,287,0.0470568945728808
208031186,7226,364,0.050373650705784666
208031187,2754,142,0.05156136528685548
208031188,11453,604,0.052737274076661136
208031189,6718,315,0.04688895504614469
208031190,6980,370,0.05300859598853868
208031191,4508,277,0.06144631765749778
208031192,0,0,NaN
208031193,10670,497,0.046579194001874415
208041194,10794,537,0.04974986103390772
208041195,10997,735,0.0668364099299809
209011196,4727,323,0.06833086524222551
209011197,10950,517,0.047214611872146116
209011198,7460,405,0.054289544235924934
209011199,6484,595,0.09176434299814928
209011200,6323,325,0.05139965206389372
209011201,4102,202,0.0492442710872745
209011202,8433,347,0.04114787145736986
209011203,9232,483,0.052318024263431545
209011204,4630,225,0.04859611231101512
209021205,5598,723,0.12915326902465166
209021207,12553,1110,0.08842507767067634
209021208,11072,854,0.07713150289017341
209021428,10309,817,0.07925113978077408
209021429,6387,414,0.06481916392672617
209031209,12635,562,0.0444796201028888
209031210,1924,80,0.04158004158004158
209031211,1946,93,0.047790339157245634
209031212,2762,103,0.03729181752353367
209031213,5223,215,0.041164081945242195
209031214,3611,150,0.04153973968429798
209031215,7884,347,0.044013191273465244
209041216,3704,329,0.08882289416846652
209041217,2940,260,0.08843537414965986
209041219,9155,885,0.09666848716548335
209041220,9539,613,0.06426250131040989
209041221,6133,462,0.07533018098809718
209041223,8107,809,0.09979030467497224
209041224,8165,451,0.0552357624004899
209041225,3862,159,0.041170378042465046
209041430,10921,527,0.04825565424411684
209041431,6359,506,0.07957225978927504
209041432,3894,353,0.0906522855675398
209041433,5368,402,0.0748882265275708
209041434,8360,476,0.056937799043062204
209041435,6448,401,0.062189826302729526
209041436,6153,388,0.06305867056720299
209041437,4472,291,0.06507155635062611
210011226,3794,182,0.04797047970479705
210011227,0,0,NaN
210011228,4161,217,0.052150925258351355
210011229,11982,690,0.05758637956935403
210011230,3714,155,0.041733979536887456
210011231,5007,229,0.0457359696425005
210021232,6475,289,0.04463320463320463
210021233,1668,85,0.050959232613908875
210021234,2173,80,0.03681546249424758
210021235,4632,199,0.042962003454231436
210031236,3790,255,0.06728232189973615
210031237,5418,573,0.10575858250276855
210031239,12252,767,0.06260202415932092
210031438,10129,904,0.08924869187481489
210031439,1491,58,0.038900067069081154
210031440,2317,182,0.07854984894259819
210041240,6710,416,0.061997019374068554
210041241,14092,852,0.060459835367584445
210051242,4562,718,0.15738711091626478
210051243,4929,719,0.1458713735037533
210051245,8666,592,0.06831294714978076
210051246,8703,464,0.05331494886820637
210051247,5011,707,0.14108960287367792
210051248,61,0,0
210051249,8346,918,0.10999281092739037
210051250,3209,232,0.07229666562792147
210051441,4014,412,0.10264075734927752
210051442,5484,433,0.07895696571845369
210051443,7932,693,0.08736762481089258
210051444,6525,566,0.08674329501915709
210051445,1817,87,0.04788112272977435
211011251,6137,379,0.06175655857911031
211011254,7851,485,0.06177556999108394
211011255,3863,161,0.04167745275692467
211011256,8581,456,0.053140659596783595
211011257,4409,213,0.04831027443864822
211011258,5971,284,0.047563222240830684
211011259,7114,414,0.05819510823727861
211011260,9200,581,0.06315217391304348
211011446,11340,651,0.05740740740740741
211011447,7092,398,0.05611957134799774
211011448,8027,440,0.05481499937710228
211011449,2359,117,0.04959728698601102
211021261,8002,355,0.04436390902274431
211021262,5468,244,0.04462326261887344
211031263,6464,320,0.04950495049504951
211031265,10277,442,0.0430086601148195
211031266,8748,588,0.06721536351165981
211031267,10492,545,0.0519443385436523
211031268,5052,233,0.04612034837688044
211031450,7718,410,0.05312257061414875
211031451,6527,350,0.05362341044890455
211031452,2449,126,0.051449571253572884
211041269,5117,348,0.06800859878835255
211041270,8670,478,0.05513264129181084
211041271,5924,327,0.05519918973666441
211041272,5172,277,0.053557617942768754
211041273,5671,387,0.06824193263974608
211051274,5500,255,0.046363636363636364
211051275,5264,223,0.04236322188449848
211051276,6621,284,0.042893822685394954
211051277,4481,190,0.04240124972104441
211051278,9765,441,0.04516129032258064
211051279,2883,96,0.03329864724245578
211051280,3529,146,0.04137149334088977
211051281,11793,613,0.051979988128550834
211051282,5154,211,0.04093907644547924
211051283,5254,234,0.04453749524172059
211051284,5503,280,0.050881337452298746
211051285,4172,161,0.03859060402684564
211051286,7669,416,0.054244360412048505
212011287,7398,350,0.04731008380643417
212011288,4350,158,0.03632183908045977
212011289,9508,400,0.04206983592763988
212011290,3698,155,0.041914548404543
212011291,9204,615,0.06681877444589308
212011292,13474,926,0.06872495175894315
212021293,11632,610,0.05244154057771665
212021294,13488,865,0.06413107947805456
212021295,4390,571,0.13006833712984053
212021297,4904,454,0.09257748776508973
212021299,4102,182,0.04436860068259386
212021453,5864,477,0.08134379263301501
212021454,6620,481,0.07265861027190332
212021455,7173,524,0.07305172173428133
212021456,6913,547,0.07912628381310574
212031300,9419,779,0.08270517040025481
212031301,12703,793,0.06242619853577895
212031302,10109,767,0.0758729844692848
212031303,4691,186,0.03965039437220209
212031304,7761,502,0.0646823862904265
212031305,11738,1138,0.09695007667405009
212031306,7704,547,0.07100207684319834
212031308,4089,189,0.046221570066030816
212031457,7035,430,0.06112295664534471
212031458,8246,636,0.07712830463254912
212041309,5690,367,0.06449912126537785
212041310,5970,563,0.09430485762144053
212041311,12371,1628,0.13159809231266673
212041312,9816,935,0.09525264873675632
212041313,5371,232,0.043194935766151556
212041314,12845,1004,0.07816270922537953
212041316,3343,277,0.0828597068501346
212041317,9175,1080,0.11771117166212534
212041318,5671,549,0.09680832304708165
212041459,5876,527,0.08968686181075562
212041460,8104,896,0.11056268509378085
212051319,9166,669,0.07298712633646083
212051320,9462,1567,0.16560980765165928
212051321,9676,734,0.07585779247622984
212051322,9089,713,0.07844647375948949
212051323,7410,513,0.06923076923076923
212051324,8874,569,0.06411990083389678
212051325,9409,592,0.06291848230417685
212051326,10845,777,0.07164591977869986
212051327,9322,544,0.05835657584209397
213011328,3702,486,0.1312803889789303
213011329,4765,395,0.08289611752360965
213011330,12031,1144,0.09508769013382096
213011331,4035,452,0.11201982651796778
213011332,6395,540,0.08444096950742767
213011333,5655,714,0.12625994694960213
213011334,8049,1090,0.1354205491365387
213011335,7051,961,0.13629272443625018
213011336,4648,529,0.11381239242685026
213011337,5038,625,0.1240571655418817
213011338,7968,997,0.12512550200803213
213011339,6145,538,0.08755085435313263
213011340,9657,572,0.05923164543854199
213021341,6390,365,0.05712050078247261
213021342,9668,766,0.07923045097227968
213021343,6067,469,0.07730344486566672
213021344,9849,467,0.04741598131790029
213021345,2622,207,0.07894736842105263
213021346,7973,412,0.05167440110372507
213031347,8826,1024,0.11602084749603445
213031348,9181,935,0.10184075808735432
213031349,7144,479,0.06704927211646136
213031350,5344,328,0.061377245508982034
213031351,6414,556,0.0866853757405675
213031352,8497,440,0.05178298222902201
213041353,9900,597,0.0603030303030303
213041355,10932,691,0.06320892791803878
213041356,8421,814,0.09666310414440091
213041357,10585,962,0.0908833254605574
213041358,8244,606,0.0735080058224163
213041359,785,61,0.07770700636942675
213041360,9410,636,0.06758767268862911
213041461,2222,186,0.08370837083708371
213041462,2956,218,0.07374830852503383
213041463,10112,711,0.0703125
213051361,10031,779,0.07765925630545309
213051362,9218,904,0.09806899544369711
213051363,4593,434,0.09449161767907685
213051365,16954,1408,0.08304824820101452
213051366,11083,925,0.08346115672651809
213051368,5564,391,0.07027318475916607
213051369,11363,965,0.08492475578632404
213051464,6328,436,0.06890012642225031
213051465,11822,877,0.07418372525799358
213051466,7440,558,0.075
213051467,8884,928,0.1044574515983791
213051468,6288,472,0.07506361323155217
214011370,10662,689,0.06462202213468392
214011371,10891,885,0.08125975576163805
214011372,8238,772,0.09371206603544549
214011373,9228,460,0.04984828781967924
214011374,13293,615,0.04626495147822162
214011375,8212,579,0.0705065757428154
214011376,7243,365,0.050393483363247275
214021377,4916,246,0.0500406834825061
214021378,2549,80,0.03138485680659082
214021379,10384,614,0.059129429892141754
214021380,10712,543,0.0506908140403286
214021381,8661,370,0.042720240157025746
214021382,8932,350,0.03918495297805643
214021383,7116,371,0.05213603147835863
214021384,7990,482,0.06032540675844806
214021385,9720,426,0.043827160493827164
215011386,3451,201,0.058243987250072446
215011387,1471,54,0.036709721278042146
215011388,7779,411,0.052834554569996146
215011389,1823,65,0.03565551289083928
215011390,3014,143,0.04744525547445255
215011391,1527,72,0.047151277013752456
215011392,3597,192,0.05337781484570475
215011393,1349,53,0.039288361749444035
215011394,2735,136,0.04972577696526508
215021395,3421,150,0.043846828412744815
215021396,2151,154,0.07159460715946071
215021398,1830,86,0.046994535519125684
215021399,2627,175,0.06661591168633423
215021469,7720,756,0.09792746113989638
215021470,6531,459,0.07028020211299954
215031400,2597,113,0.04351174432036966
215031401,2988,114,0.03815261044176707
215031402,1624,101,0.062192118226600986
215031403,1311,86,0.06559877955758962
215031404,4899,236,0.04817309655031639
215031405,2822,140,0.04961020552799433
216011406,6754,331,0.04900799526206692
216011407,4832,254,0.05256622516556291
216011408,1885,74,0.039257294429708225
216011409,1674,79,0.047192353643966546
216011410,1705,89,0.05219941348973607
216021411,2516,157,0.062400635930047695
216021412,1249,63,0.05044035228182546
216021413,5665,249,0.043954104148278904
216021414,3e3,163,0.05433333333333333
216031415,3436,261,0.07596041909196741
216031416,8626,554,0.06422443774634826
216031417,9981,723,0.07243763149984972
216031418,2079,79,0.037999037999038
216031419,4608,236,0.051215277777777776
217011420,4045,187,0.04622991347342398
217011421,4633,236,0.050938916468810706
217011422,4788,340,0.07101086048454469
217011423,2996,102,0.03404539385847797
217031471,1468,64,0.043596730245231606
217031472,5554,243,0.04375225063017645
217031473,2726,84,0.030814380044020543
217031474,2409,95,0.039435450394354504
217031475,3582,129,0.036013400335008376
217031476,1669,69,0.04134212103055722
217041477,3274,123,0.03756872327428222
217041478,4525,165,0.036464088397790057
217041479,10396,547,0.052616390919584456
217041480,6255,320,0.051159072741806554
297979799,23,0,0
299999499,2647,613,0.2315829240649792
301011001,8874,568,0.0640072120802344
301011002,4036,197,0.048810703666997024
301011003,7788,439,0.056368772470467385
301011004,9629,633,0.06573891369820334
301011005,1962,130,0.06625891946992865
301011006,6311,330,0.05228965298684836
301021007,7013,421,0.0600313703122772
301021008,2923,151,0.05165925419089976
301021009,7909,470,0.05942597041345303
301021011,4492,206,0.0458593054318789
301021012,7930,413,0.052080706179066835
301021013,7021,406,0.05782652043868395
301021527,2874,387,0.13465553235908143
301031014,3,0,0
301031015,3820,223,0.05837696335078534
301031016,5958,386,0.06478684122188653
301031017,2357,134,0.056851930420025454
301031018,4811,281,0.058407815422988986
301031019,4883,208,0.042596764284251486
301031020,6861,462,0.06733712286838653
301031021,7607,490,0.06441435519915867
302011022,3900,263,0.06743589743589744
302011023,4361,221,0.05067645035542307
302011024,4562,257,0.056334940815431826
302011025,4990,278,0.05571142284569138
302011026,4222,219,0.05187115111321648
302021027,6255,377,0.06027178257394085
302021028,4680,363,0.07756410256410257
302021029,3285,199,0.060578386605783865
302021030,2282,125,0.054776511831726556
302021031,8100,389,0.048024691358024695
302021032,3692,242,0.06554712892741062
302021033,3466,222,0.06405077899596076
302021034,5413,251,0.04636985036024386
302031035,4849,327,0.06743658486285832
302031036,53,3,0.05660377358490566
302031037,520,30,0.057692307692307696
302031038,3871,223,0.05760785326788943
302031039,5190,323,0.062235067437379575
302031040,7767,467,0.06012617484228145
302041041,8993,596,0.06627376848660069
302041042,4935,276,0.05592705167173252
302041043,1850,140,0.07567567567567568
302041044,3209,186,0.05796198192583359
302041045,6378,422,0.06616494198808404
302041046,4593,415,0.09035488787285
303011047,6252,271,0.04334612923864364
303011048,3231,193,0.05973382853605695
303011049,6040,299,0.04950331125827814
303011050,3777,210,0.05559968228752978
303011051,8483,457,0.053872450783920785
303021052,6920,521,0.07528901734104046
303021053,9719,527,0.05422368556435847
303021054,2726,224,0.08217168011738811
303021055,5739,354,0.061683220073183484
303021056,4379,248,0.056633934688284995
303021057,3592,199,0.05540089086859688
303021058,3237,300,0.09267840593141798
303021059,5239,327,0.06241649169688872
303031060,7855,651,0.08287714831317632
303031061,2753,326,0.11841627315655648
303031062,4331,316,0.07296236435003463
303031063,8005,495,0.06183635227982511
303031064,3336,193,0.0578537170263789
303031065,4577,447,0.09766222416429976
303031066,5451,352,0.06457530728306733
303041067,2747,287,0.1044776119402985
303041068,5848,380,0.06497948016415869
303041069,2375,255,0.10736842105263159
303041070,3820,336,0.08795811518324607
303041071,5715,314,0.05494313210848644
303051072,4394,325,0.07396449704142012
303051073,10967,882,0.08042308744415064
303051074,2632,177,0.06724924012158055
303051075,8349,580,0.06946939753263864
303051076,4385,597,0.1361459521094641
303061077,3950,344,0.08708860759493671
303061078,7494,714,0.09527622097678143
303061079,4273,517,0.12099227708869646
303061080,8586,853,0.09934777544840438
304011081,3999,236,0.05901475368842211
304011082,3841,239,0.062223379328299924
304011083,2302,154,0.06689834926151172
304011084,5101,258,0.05057831797686728
304011085,2457,139,0.05657305657305657
304021086,5413,310,0.0572695363014964
304021087,3352,196,0.05847255369928401
304021088,5380,364,0.06765799256505577
304021089,2034,112,0.05506391347099312
304021090,4582,294,0.06416412047140986
304021091,2779,131,0.04713925872616049
304031092,3919,199,0.05077825976014289
304031093,2501,145,0.05797680927628948
304031094,6531,609,0.0932475884244373
304031095,3121,170,0.054469721243191285
304031096,5514,926,0.16793616249546608
304031097,5014,426,0.08496210610291184
304041098,4944,258,0.05218446601941747
304041099,11,0,0
304041100,3245,240,0.07395993836671803
304041101,4456,240,0.05385996409335727
304041102,0,0,NaN
304041103,8637,525,0.06078499478985759
304041104,5264,320,0.060790273556231005
305011105,6048,660,0.10912698412698413
305011106,4866,327,0.06720098643649815
305011107,3659,279,0.07625034162339436
305011108,5329,409,0.07674985926064928
305011109,7502,373,0.04972007464676086
305011110,4184,386,0.09225621414913958
305011111,3820,406,0.10628272251308901
305011112,5627,374,0.06646525679758308
305021113,2453,118,0.0481043620057073
305021114,3810,171,0.04488188976377953
305021115,3576,230,0.06431767337807606
305021116,2941,119,0.04046242774566474
305021117,7775,361,0.04643086816720257
305021118,3811,185,0.04854368932038835
305031119,1757,89,0.050654524758110414
305031120,3647,155,0.04250068549492734
305031121,2959,139,0.046975329503210546
305031122,6142,326,0.05307717355910127
305031123,2386,98,0.04107292539815591
305031124,3782,187,0.04944473823373876
305031125,2602,117,0.04496541122213682
305031126,5147,594,0.11540703322323684
305031127,3019,191,0.06326598211328255
305031128,7223,340,0.04707185380035996
305031129,2276,105,0.046133567662565905
305031130,4534,282,0.06219673577415086
305031131,5826,330,0.05664263645726056
305041132,7423,351,0.047285464098073555
305041133,3420,245,0.07163742690058479
305041134,5327,266,0.04993429697766097
305041135,6870,348,0.050655021834061134
305041136,3491,199,0.057003723861357776
305041137,6306,516,0.0818268315889629
306011138,3021,150,0.04965243296921549
306011139,5597,376,0.06717884581025549
306011140,2031,99,0.04874446085672083
306011141,6820,332,0.04868035190615836
306011142,7539,527,0.06990317018172171
306011143,3097,257,0.0829835324507588
306021144,3936,306,0.07774390243902439
306021145,5903,549,0.09300355751312891
306021146,4004,243,0.06068931068931069
306021147,5081,418,0.08226727022239716
306021148,4244,305,0.07186616399622997
306021149,4909,345,0.07027907924220819
306021150,0,0,NaN
306021151,2481,357,0.14389359129383314
306021152,2286,315,0.13779527559055119
306021153,4401,272,0.06180413542376732
306021154,2855,335,0.11733800350262696
306021155,2128,192,0.09022556390977443
306021156,4333,275,0.06346642049388415
306021157,2183,263,0.12047640861200183
306031158,2039,151,0.07405590975968612
306031159,3949,420,0.10635603950367181
306031160,3815,258,0.06762778505897772
306031161,4920,335,0.06808943089430894
306031162,0,0,NaN
306031163,626,285,0.45527156549520764
306041164,2906,162,0.055746730901582935
306041165,2877,128,0.04449078901633646
306051166,4676,297,0.0635158254918734
306051167,1978,269,0.13599595551061677
306051168,2010,182,0.09054726368159204
306051169,3806,235,0.06174461376773516
306051170,4737,389,0.08211948490605869
307011171,2255,99,0.04390243902439024
307011172,3697,238,0.0643765215039221
307011173,3116,103,0.03305519897304236
307011174,1916,80,0.04175365344467641
307011175,2052,73,0.03557504873294347
307011176,3518,144,0.04093234792495736
307011177,3084,101,0.0327496757457847
307011178,1498,125,0.08344459279038718
307021179,3590,233,0.0649025069637883
307021180,3680,206,0.05597826086956522
307021181,1486,78,0.052489905787348586
307021182,2679,119,0.044419559537140725
307021183,8132,525,0.06455976389572061
307031184,2288,116,0.050699300699300696
307031185,1964,84,0.04276985743380855
307031186,2047,116,0.05666829506595017
307031187,2107,154,0.07308970099667775
307031188,2481,153,0.06166868198307134
307031189,6472,443,0.0684487021013597
308011190,3599,228,0.06335093081411503
308011191,3863,192,0.04970230390887911
308011192,7008,395,0.05636415525114155
308031205,3145,384,0.12209856915739269
308031206,862,54,0.06264501160092807
308031207,2201,251,0.11403907314856883
308031208,4669,350,0.07496251874062969
308031209,2397,124,0.051731330830204425
308031210,5560,551,0.09910071942446043
308031211,2319,236,0.10176800344976283
308031212,956,174,0.18200836820083682
308031213,5101,356,0.06979023720839052
308031214,2367,234,0.09885931558935361
308031215,3263,268,0.08213300643579528
308031216,2858,235,0.08222533240027992
308031217,1413,216,0.15286624203821655
308031218,1592,114,0.07160804020100503
308031219,2056,152,0.07392996108949416
308031220,1555,95,0.06109324758842444
308031221,3,0,0
308031222,3713,311,0.08375976299488284
308031223,8509,686,0.08062051944999413
308041528,4513,180,0.039884777309993354
308041529,2975,120,0.040336134453781515
308051530,2451,299,0.12199102407180742
308051531,4996,535,0.10708566853482786
308051532,0,0,NaN
308051533,6897,725,0.10511816731912425
308051534,2981,412,0.13820865481382086
308051535,5708,528,0.09250175192711983
308051536,1977,224,0.11330298431967628
308051537,0,0,NaN
308051538,3122,327,0.10474055092889173
308051539,2296,321,0.13980836236933797
309011224,3999,241,0.06026506626656664
309011225,4553,257,0.05644629914342192
309011226,7018,391,0.055713878597891134
309011227,6886,382,0.055474876561138545
309011228,6208,402,0.06475515463917526
309011229,3875,205,0.05290322580645161
309021230,2747,195,0.07098653076083
309021231,5651,343,0.06069722173066714
309021232,4495,299,0.06651835372636263
309021233,5918,368,0.06218316998986144
309021234,7565,477,0.06305353602115003
309031235,5061,376,0.07429361786208259
309031236,4315,390,0.09038238702201622
309031237,4313,354,0.08207744029677719
309031238,8595,876,0.10191972076788831
309031239,4539,232,0.05111257986340604
309031240,4109,270,0.0657094183499635
309041241,2170,139,0.06405529953917051
309041242,6695,355,0.05302464525765497
309051243,3621,189,0.05219552609776305
309051244,9406,536,0.05698490325324261
309051245,4272,237,0.05547752808988764
309061246,6405,421,0.06572989851678376
309061247,4328,288,0.066543438077634
309061248,10035,760,0.07573492775286497
309061249,9762,693,0.07098955132145052
309061250,3956,235,0.059403437815975735
309071251,6750,538,0.07970370370370371
309071252,8615,562,0.06523505513639001
309071253,5290,298,0.056332703213610585
309071254,1875,104,0.055466666666666664
309071255,10094,624,0.061818902318208836
309071256,8420,557,0.0661520190023753
309071257,4377,372,0.08498971898560657
309071258,16019,1135,0.07085336163306075
309081259,1846,99,0.053629469122426866
309081260,3572,212,0.0593505039193729
309081261,11865,845,0.07121786767804467
309081262,7778,552,0.07096940087426074
309091263,5811,387,0.06659783169850284
309091264,3436,272,0.07916181606519208
309091265,4701,361,0.07679217187832377
309091540,7003,848,0.12109096101670712
309091541,8127,723,0.08896271686969362
309101267,4131,244,0.05906560154926168
309101268,2360,126,0.053389830508474574
309101269,1965,117,0.059541984732824425
309101270,12352,1127,0.09124028497409327
310011271,2359,213,0.09029249682068673
310011272,3394,347,0.10223924572775486
310011273,14592,1106,0.07579495614035088
310011274,6402,1071,0.16729147141518275
310011275,4008,247,0.061626746506986026
310011276,1027,189,0.18403115871470302
310021277,5507,278,0.050481205738151444
310021278,1846,152,0.08234019501625135
310021279,0,0,NaN
310021280,8342,761,0.09122512586909615
310021281,5879,502,0.08538867154277939
310021282,5625,364,0.06471111111111111
310031283,4989,457,0.09160152335137302
310031284,4054,420,0.10360138135175136
310031285,3458,257,0.07432041642567959
310031286,2980,324,0.1087248322147651
310031287,7898,810,0.10255760952139782
310031288,2497,126,0.05046055266319584
310031289,3020,156,0.051655629139072845
310031290,3327,177,0.05320108205590622
310031291,2977,394,0.13234800134363453
310031292,2731,259,0.09483705602343465
310031293,7172,555,0.07738427216954824
310031294,2655,125,0.047080979284369114
310031295,984,155,0.15752032520325204
310041296,7422,537,0.07235246564268391
310041297,4707,422,0.08965370724452942
310041298,3,0,0
310041299,4098,402,0.09809663250366032
310041300,4412,638,0.14460562103354488
310041301,0,0,NaN
310041302,8724,1089,0.12482806052269602
310041303,3669,244,0.06650313436903789
310041304,8573,596,0.06952058789221977
311011305,5810,450,0.0774526678141136
311021306,3605,456,0.12649098474341192
311021307,5035,697,0.13843098311817278
311021308,3689,303,0.08213608023854703
311021309,2752,216,0.07848837209302326
311021310,3301,199,0.06028476219327476
311031311,5401,529,0.0979448250324014
311031312,3509,350,0.09974351667141636
311031313,2644,189,0.07148260211800303
311031314,5183,597,0.1151842562222651
311031315,0,0,NaN
311031316,4349,331,0.07610945044837894
311031317,5945,723,0.1216148023549201
311031318,2539,174,0.06853091768412761
311031319,8460,591,0.0698581560283688
311041320,6792,426,0.0627208480565371
311041321,13179,824,0.06252371196600652
311041322,3571,183,0.051246149537944555
311051323,4640,359,0.07737068965517241
311051324,4756,262,0.055088309503784696
311051325,5890,395,0.06706281833616298
311051326,4682,545,0.11640324647586502
311051327,6714,396,0.058981233243967826
311051328,3025,317,0.10479338842975207
311061329,3518,247,0.0702103467879477
311061330,3929,620,0.15780096716721811
311061331,2059,423,0.20543953375424964
311061332,8186,466,0.056926459809430736
311061333,4492,529,0.11776491540516473
311061334,4924,332,0.06742485783915515
311061335,3283,243,0.07401766676819982
311061336,4733,903,0.19078808366786393
312011337,4182,363,0.08680057388809183
312011338,4084,188,0.04603330068560235
312011339,1828,82,0.044857768052516414
312011340,1605,116,0.07227414330218068
312011341,4573,252,0.0551060572928056
312021342,7641,723,0.09462112288967413
312021343,1770,160,0.0903954802259887
312021344,6507,555,0.08529276164130936
312021345,6,0,0
312021346,1773,260,0.14664410603496897
312021347,289,25,0.08650519031141868
312021348,5582,348,0.06234324614833393
312021349,2853,344,0.12057483350858746
312021350,2716,203,0.07474226804123711
312021351,3931,260,0.06614093106079878
312021352,5362,501,0.09343528534129056
312021353,3946,281,0.0712113532691333
312021354,2931,251,0.08563630160354828
312021355,1653,185,0.1119177253478524
312021356,3427,369,0.10767435074409104
312021357,4393,268,0.06100614614158889
312021358,2924,227,0.07763337893296854
312031359,7035,385,0.05472636815920398
312031360,0,0,NaN
312031361,3985,253,0.06348808030112923
313011362,5766,532,0.09226500173430455
313011363,5825,559,0.0959656652360515
313021364,2161,127,0.05876908838500694
313021365,11357,1368,0.12045434533767721
313021366,8601,1067,0.12405534240204627
313021367,2055,140,0.0681265206812652
313021368,4033,421,0.10438879246218696
313021369,2012,111,0.055168986083499
313031370,2359,158,0.06697753285290377
313031371,3129,191,0.06104186641099393
313041372,7056,508,0.07199546485260772
313041373,9309,1053,0.11311633902674831
313041374,2642,174,0.06585919757759273
313041375,9844,660,0.06704591629418935
313041376,1598,87,0.05444305381727159
313051377,3916,289,0.07379979570990806
313051378,5485,548,0.09990884229717412
313051379,4368,425,0.0972985347985348
313051380,7352,639,0.08691512513601742
313051542,5777,367,0.06352778258611737
314011382,8636,403,0.04666512274201019
314011383,10743,535,0.04979986968258401
314011384,4306,187,0.04342777519739898
314011385,4544,223,0.04907570422535211
314011386,12903,619,0.047973339533441836
314011387,6128,281,0.04585509138381201
314021388,12037,1067,0.08864334967184515
314021389,9313,582,0.06249328895092881
314021390,15650,1154,0.07373801916932908
314031391,5148,398,0.07731157731157731
314031392,3012,269,0.08930942895086322
314031393,4666,342,0.0732961851693099
314031394,6169,518,0.08396822823796402
315011395,371,140,0.37735849056603776
315011396,2902,459,0.15816678152997932
315011397,511,36,0.07045009784735812
315011398,620,187,0.3016129032258065
315011399,1005,201,0.2
315011400,2286,174,0.07611548556430446
315011401,1501,116,0.07728181212524983
315011402,1153,183,0.15871639202081528
315011403,2206,57,0.025838621940163193
315021404,1800,254,0.1411111111111111
315021405,9519,577,0.060615610883496165
315021406,1766,83,0.04699886749716874
315021407,1770,58,0.0327683615819209
315031408,2457,77,0.03133903133903134
315031409,2161,113,0.05229060620083295
315031410,1162,47,0.04044750430292599
315031411,1459,61,0.041809458533241944
315031412,2012,70,0.03479125248508946
316011413,7539,528,0.0700358137684043
316011414,8291,545,0.06573392835604873
316011415,6159,438,0.07111544081831467
316011416,4692,470,0.10017050298380221
316021417,4737,314,0.06628667933291113
316021418,3161,227,0.07181271749446377
316021419,2723,261,0.09585016525890562
316021420,9380,649,0.06918976545842218
316021421,4730,308,0.06511627906976744
316021422,3674,274,0.07457811649428416
316021423,4493,308,0.068551079456933
316021424,3930,254,0.06463104325699745
316031425,7260,490,0.0674931129476584
316031426,5431,387,0.07125759528631928
316031427,9303,664,0.07137482532516393
316031428,6173,458,0.07419407095415519
316051434,2001,99,0.049475262368815595
316051435,3743,263,0.07026449372161368
316051437,3383,189,0.055867573159917236
316051438,4320,325,0.07523148148148148
316051543,1903,126,0.06621124540199684
316051544,3146,191,0.060712015257469804
316061439,3788,262,0.06916578669482576
316061440,3556,254,0.07142857142857142
316061441,2792,198,0.07091690544412607
316061442,5049,360,0.07130124777183601
316061443,2770,202,0.07292418772563176
316061444,5167,324,0.06270563189471647
316071545,4024,259,0.06436381709741551
316071546,1745,104,0.05959885386819484
316071547,5119,363,0.07091228755616331
316071548,9086,794,0.08738718908210434
316081549,9974,692,0.06938038901142972
317011445,3528,168,0.047619047619047616
317011446,6202,660,0.10641728474685586
317011447,4463,400,0.08962581223392337
317011448,3275,322,0.0983206106870229
317011449,3227,160,0.04958165478772854
317011450,6530,286,0.043797856049004595
317011451,5536,300,0.054190751445086706
317011452,3396,184,0.05418138987043581
317011453,4581,431,0.09408426107836716
317011454,2768,268,0.0968208092485549
317011455,3988,233,0.05842527582748245
317011456,6426,544,0.08465608465608465
317011457,4963,254,0.05117872254684667
317011458,6859,323,0.04709141274238227
317011459,5665,483,0.0852603706972639
318011460,4283,274,0.06397385010506654
318011461,4012,205,0.051096709870388834
318011462,3280,350,0.10670731707317073
318011463,1746,99,0.05670103092783505
318011464,1853,136,0.07339449541284404
318011465,3003,160,0.05328005328005328
318011466,694,204,0.29394812680115273
318021467,2269,264,0.11635081533715293
318021468,5483,312,0.05690315520700347
318021469,1535,124,0.08078175895765473
318021470,3981,232,0.05827681487063552
318021471,4657,541,0.11616920764440627
318021472,2779,296,0.10651313422094279
318021473,11918,990,0.08306762879677798
318021474,4315,436,0.10104287369640788
318021475,3201,351,0.10965323336457357
318021476,3689,415,0.11249661154784495
318021477,1742,244,0.14006888633754305
318021478,2751,244,0.08869501999272991
318021479,2407,250,0.1038637307852098
318021480,4932,556,0.11273317112733171
318021481,3580,397,0.11089385474860335
318021482,8414,667,0.07927264083670074
318021483,1036,82,0.07915057915057915
318021484,5097,332,0.06513635471846184
318021485,1670,139,0.08323353293413174
318021486,2953,295,0.09989840839823907
318021487,3825,244,0.06379084967320262
318021488,2820,294,0.10425531914893617
318021489,2236,160,0.07155635062611806
318021490,5129,327,0.0637551179567167
318021491,2497,237,0.09491389667601122
319011492,2217,203,0.09156517816869644
319011493,7078,654,0.09239898276349251
319011494,2172,189,0.08701657458563536
319011495,2555,403,0.15772994129158513
319011496,2426,224,0.09233305853256389
319011497,2815,335,0.11900532859680284
319011498,3685,403,0.10936227951153324
319011499,3779,345,0.09129399311987298
319011500,2864,265,0.09252793296089386
319011501,2292,260,0.11343804537521815
319011502,4308,492,0.11420612813370473
319021503,2982,147,0.04929577464788732
319021504,1785,236,0.13221288515406163
319021505,4542,313,0.06891237340378688
319021506,3395,346,0.10191458026509573
319021507,1884,69,0.03662420382165605
319021508,1591,96,0.06033940917661848
319021509,3034,337,0.11107448912326962
319021510,7,0,0
319031511,1703,205,0.12037580739870817
319031512,5545,634,0.11433724075743913
319031513,2767,208,0.0751716660643296
319031514,7859,702,0.08932434151927726
319031515,1468,115,0.07833787465940055
319041516,1951,212,0.10866222450025628
319041517,2109,172,0.0815552394499763
319041518,4565,598,0.13099671412924424
319041519,1944,241,0.12397119341563786
319041520,5414,719,0.1328038418913927
319041521,4902,507,0.10342717258261934
319051522,3070,422,0.13745928338762214
319051523,1132,138,0.12190812720848057
319051524,6444,885,0.1373370577281192
319051525,2907,354,0.1217750257997936
319051526,2268,181,0.07980599647266313
397979799,68,4,0.058823529411764705
399999499,4074,986,0.2420225822287678
401011001,6935,959,0.1382840663302091
401011002,3600,298,0.08277777777777778
401021003,3715,160,0.04306864064602961
401021004,9121,424,0.04648613090669883
401021005,2234,85,0.03804834377797672
401021006,4638,203,0.04376886589047003
401021007,8765,526,0.06001140901312037
401021008,3388,148,0.043683589138134596
401021009,2764,138,0.049927641099855286
401021010,2860,107,0.03741258741258741
401031011,9285,523,0.0563274098007539
401031012,4654,266,0.05715513536742587
401031013,7456,476,0.0638412017167382
401041014,5024,279,0.05553343949044586
401041015,9324,700,0.07507507507507508
401041016,10519,751,0.07139461926038597
401051017,5307,371,0.06990766911626155
401051018,5974,423,0.07080682959491129
401051019,6900,420,0.06086956521739131
401061020,3469,190,0.05477082732776016
401061021,7856,536,0.06822810590631365
401061022,3612,208,0.05758582502768549
401071023,9403,552,0.05870466872274806
401071024,10231,594,0.058058840778027566
402011025,4844,274,0.056564822460776217
402011026,9175,794,0.08653950953678474
402011027,2920,207,0.07089041095890411
402021028,9166,821,0.0895701505564041
402021029,6701,1078,0.16087151171466946
402021030,3125,685,0.2192
402021031,5264,674,0.12803951367781155
402021032,5988,508,0.08483633934535738
402021033,1383,52,0.03759942154736081
402021034,4254,857,0.2014574518100611
402021035,1740,115,0.06609195402298851
402031036,10465,1279,0.12221691352126135
402031037,11506,918,0.07978446028159221
402031038,10238,831,0.08116819691345965
402041039,0,0,NaN
402041040,6658,608,0.09131871432862722
402041041,7231,569,0.07868897801134006
402041042,13,0,0
402041043,7490,785,0.1048064085447263
402041044,8175,844,0.10324159021406727
402041046,7023,985,0.1402534529403389
402041047,8418,754,0.08956996911380376
402041048,7489,878,0.11723861663773534
402041171,7475,597,0.07986622073578595
402041172,3539,351,0.09918055948007912
402051049,5522,327,0.059217674755523364
402051050,5050,271,0.05366336633663366
402051051,5468,341,0.06236283833211412
402051052,7474,649,0.08683435911158684
402051053,10201,617,0.06048426624840702
402051054,8556,510,0.05960729312762973
402051055,6214,401,0.06453170260701642
403011056,6695,324,0.04839432412247946
403011057,10360,624,0.06023166023166023
403021058,7071,588,0.0831565549427238
403021059,6905,417,0.06039102099927589
403021060,4821,269,0.05579755237502593
403021061,6854,607,0.08856142398599358
403021062,7209,506,0.07019004022749341
403021063,5828,288,0.04941660947151681
403021064,7090,533,0.07517630465444287
403031065,2368,121,0.05109797297297297
403031066,3465,306,0.08831168831168831
403031067,6261,323,0.051589203002715224
403031068,8272,481,0.05814796905222437
403031069,8129,417,0.05129782261040718
403031070,3724,284,0.07626208378088077
403041071,6374,385,0.06040163162849074
403041072,6920,609,0.08800578034682081
403041073,3681,456,0.12387938060309699
403041074,4489,477,0.10625974604588995
403041075,1464,61,0.041666666666666664
403041076,2377,116,0.04880100967606226
403041077,5715,343,0.0600174978127734
403041078,3099,242,0.07808970635688932
403041079,3130,388,0.12396166134185303
403041080,7124,444,0.06232453677709152
403041081,0,0,NaN
403041082,10,0,0
403041083,2890,139,0.04809688581314879
403041084,6456,530,0.08209417596034696
403041085,4193,451,0.1075602194133079
403041086,5087,380,0.07470021623746806
403041087,10926,823,0.07532491305143695
403041088,1766,69,0.039071347678369193
403041089,6078,342,0.0562685093780849
404011090,4003,267,0.06669997501873595
404011091,7151,510,0.07131869668577821
404011092,7690,438,0.05695708712613784
404011093,9238,717,0.07761420220827019
404011094,2860,226,0.07902097902097902
404011095,7665,542,0.07071102413568167
404011096,6751,365,0.05406606428677233
404011097,8565,778,0.0908347927612376
404021098,0,0,NaN
404021099,7869,533,0.06773414665141696
404021100,6982,527,0.0754798052134059
404021101,5125,512,0.09990243902439025
404021102,7743,992,0.12811571742218777
404021103,0,0,NaN
404031104,0,0,NaN
404031105,1264,71,0.05617088607594937
404031106,6612,478,0.07229280096793708
404031107,12579,985,0.07830511169409334
404031108,8708,682,0.07831878732200276
404031109,2658,152,0.05718585402558315
405011110,3124,138,0.0441741357234315
405011111,4535,254,0.056008820286659315
405011112,3125,166,0.05312
405011113,1488,100,0.06720430107526881
405011114,3135,137,0.04370015948963318
405011115,2223,87,0.03913630229419703
405021116,1990,59,0.02964824120603015
405021117,2261,85,0.03759398496240601
405021118,1829,114,0.06232914160743576
405021119,4013,248,0.06179915275355096
405031120,2111,100,0.04737091425864519
405031121,2300,170,0.07391304347826087
405031122,5787,673,0.11629514428892344
405031123,1470,109,0.07414965986394557
405041124,2238,188,0.0840035746201966
405041125,1743,139,0.07974756167527251
405041126,1460,156,0.10684931506849316
405041127,2814,165,0.05863539445628998
405041128,1495,77,0.05150501672240803
406011129,1206,40,0.03316749585406302
406011130,3016,136,0.04509283819628647
406011131,2023,75,0.03707365299060801
406011132,1168,41,0.0351027397260274
406011133,7324,450,0.06144183506280721
406011134,1637,72,0.04398289554062309
406011135,24,0,0
406011136,9457,1178,0.12456381516337105
406011137,0,0,NaN
406021138,688,174,0.25290697674418605
406021139,707,70,0.09900990099009901
406021140,940,66,0.07021276595744681
406021141,1423,62,0.04356992269852424
406021142,5738,556,0.09689787382363192
406021143,2284,79,0.03458844133099825
407011144,3751,269,0.07171420954412157
407011145,2283,118,0.05168637757336837
407011146,3163,165,0.052165665507429654
407011147,3680,184,0.05
407011148,4830,347,0.07184265010351967
407011149,2402,149,0.06203164029975021
407021150,2668,116,0.043478260869565216
407021151,1799,72,0.040022234574763754
407021152,2194,163,0.07429352780309936
407021154,3094,150,0.04848093083387201
407021155,1314,20,0.015220700152207
407021156,1575,83,0.052698412698412696
407021157,3518,86,0.0244457077885162
407021158,1582,87,0.054993678887484194
407021173,7182,453,0.06307435254803676
407021174,6634,414,0.062405788362978595
407031159,2996,184,0.06141522029372497
407031160,1644,135,0.08211678832116788
407031161,1475,62,0.04203389830508475
407031162,2469,109,0.04414742810854597
407031163,814,40,0.04914004914004914
407031164,2509,161,0.06416899163013152
407031165,7600,731,0.09618421052631579
407031166,1855,96,0.05175202156334232
407031167,1859,188,0.10112963959117806
407031168,2515,112,0.044532803180914515
407031169,2418,118,0.04880066170388751
407031170,2836,152,0.0535966149506347
497979799,3,0,0
499999499,1038,301,0.28998073217726394
501011001,2594,120,0.04626060138781804
501011002,11854,755,0.0636915809009617
501011003,5160,216,0.04186046511627907
501011004,4632,222,0.04792746113989637
501021005,8559,694,0.08108423881294544
501021007,2549,139,0.05453118870145155
501021008,2988,308,0.10307898259705489
501021009,3689,407,0.11032800216860938
501021010,1625,96,0.059076923076923075
501021011,11,0,0
501021012,5721,398,0.06956825729767523
501021014,4106,289,0.07038480272771554
501021015,3395,321,0.09455081001472754
501021016,1785,155,0.08683473389355742
501021251,4570,349,0.0763676148796499
501021252,1530,99,0.06470588235294118
501021253,6019,422,0.07011131417178934
501021254,2205,267,0.12108843537414966
501031017,2852,161,0.056451612903225805
501031018,2677,169,0.06313036981695928
501031019,2664,133,0.049924924924924924
501031020,2327,135,0.05801461108723679
502011021,3083,328,0.10638987998702562
502011022,3888,405,0.10416666666666667
502011023,3849,496,0.12886464016627697
502011024,8117,774,0.0953554268818529
502011025,3706,522,0.14085267134376686
502011026,2457,253,0.10297110297110297
502011027,8530,812,0.09519343493552168
502011028,3922,480,0.1223865374808771
502011029,4015,377,0.09389788293897883
503011030,3081,165,0.053554040895813046
503011031,3792,232,0.06118143459915612
503011032,3797,177,0.04661574927574401
503011033,4052,208,0.05133267522211254
503011034,5047,293,0.05805428967703586
503011035,8730,778,0.08911798396334479
503011036,4187,207,0.049438738953904944
503021037,8,0,0
503021038,6267,354,0.05648635710866443
503021039,9462,566,0.05981822024941873
503021040,5035,286,0.05680238331678252
503021041,18979,1534,0.08082617630012119
503021042,8679,503,0.057955985712639706
503021043,9905,674,0.06804644119131752
504011044,7865,621,0.0789574062301335
504011045,12453,881,0.07074600497871998
504011046,7648,586,0.0766213389121339
504011047,11215,981,0.08747213553276861
504011048,4089,309,0.07556859867938372
504021049,1480,100,0.06756756756756757
504021050,3628,211,0.0581587651598677
504021051,2866,204,0.07117934403349616
504021052,4,0,0
504021053,6529,415,0.06356256700873028
504021054,5928,561,0.09463562753036438
504031055,7,0,0
504031056,9981,897,0.0898707544334235
504031057,9069,782,0.08622780901973756
504031058,2640,172,0.06515151515151515
504031059,18870,1483,0.07859035506094329
504031060,1477,80,0.05416384563303995
504031061,2223,155,0.06972559604138552
504031062,5493,450,0.0819224467504096
504031063,3,0,0
504031064,0,0,NaN
504031065,2675,258,0.09644859813084113
504031066,5068,548,0.10812943962115233
504031067,3681,290,0.07878293941863625
504031068,5438,361,0.0663847002574476
504031069,0,0,NaN
505011070,5401,413,0.0764673208665062
505011071,8002,622,0.07773056735816046
505011072,7901,469,0.059359574737375013
505011073,7020,487,0.06937321937321937
505011074,5891,419,0.07112544559497538
505011075,5905,383,0.06486028789161727
505011076,5125,319,0.06224390243902439
505011077,7724,702,0.09088555152770585
505011078,6811,419,0.06151813243282925
505011079,5881,359,0.061044040129229725
505011080,4410,304,0.06893424036281179
505011081,4497,300,0.066711140760507
505011082,5039,292,0.057948005556658064
505011083,5337,339,0.06351883080382237
505021084,7723,526,0.06810824809012042
505021085,8994,1154,0.12830776072937514
505021086,12319,906,0.07354493059501582
505021087,0,0,NaN
505021088,9373,574,0.061239731142643763
505021089,10274,541,0.05265719291415223
505021090,9493,917,0.09659749288949752
505021091,5,0,0
505021092,9536,568,0.05956375838926174
505021093,7618,541,0.07101601470202153
505021094,3916,224,0.05720122574055159
505021095,6929,501,0.07230480588829558
505021096,6865,398,0.05797523670793882
505021097,8192,549,0.0670166015625
505031098,5751,604,0.10502521300643367
505031099,10834,1121,0.10347055565811335
505031100,9105,729,0.0800658978583196
505031101,7143,717,0.10037799244015119
505031102,3876,492,0.12693498452012383
505031103,13824,912,0.06597222222222222
505031104,5271,503,0.09542781255928666
505031105,10309,882,0.08555631002037055
505031106,4,0,0
505031107,7011,472,0.0673227784909428
505031108,13801,1013,0.0734004782262155
505031255,4460,278,0.06233183856502242
505031256,393,26,0.06615776081424936
505031257,1329,152,0.1143717080511663
505031258,4120,380,0.09223300970873786
506011110,8199,1074,0.1309915843395536
506011111,3,0,0
506011112,2679,299,0.11160880925718551
506011113,11116,791,0.07115869017632241
506011114,4993,498,0.09973963548968556
506011115,4057,276,0.06803056445649494
506011116,3789,244,0.06439693850620216
506011117,5113,467,0.09133581067866223
506021118,7441,600,0.08063432334363661
506021119,9216,776,0.0842013888888889
506021120,7,0,0
506021121,0,0,NaN
506021122,12947,1194,0.09222213640225535
506021123,8691,697,0.0801979058796456
506031124,9581,1304,0.13610270326688237
506031125,5684,482,0.08479943701618578
506031126,0,0,NaN
506031127,9538,1051,0.1101908156846299
506031128,7220,658,0.09113573407202216
506031129,6567,576,0.0877112836911832
506031130,7,0,0
506031131,9263,862,0.09305840440462053
506041132,9367,1027,0.10964022632646525
506041133,12014,978,0.08140502746795406
506041134,8976,1073,0.1195409982174688
506041135,10118,815,0.0805495157145681
506041136,6348,745,0.11735979836168872
506041137,11835,1078,0.0910857625686523
506051138,9890,741,0.0749241658240647
506051139,6473,515,0.07956125444152634
506051140,7389,474,0.06414941128704832
506051141,5563,339,0.06093834262088801
506061142,8464,604,0.07136105860113422
506061143,3431,233,0.06791023025357039
506061144,1980,154,0.07777777777777778
506071145,7922,540,0.0681646048977531
506071146,5415,491,0.09067405355493999
506071147,9053,579,0.06395669943665083
507011148,9645,622,0.06448937273198549
507011150,4,0,0
507011151,0,0,NaN
507011152,4772,298,0.06244761106454317
507011153,4211,406,0.09641415340774163
507011154,5022,488,0.09717244125846276
507011155,7,0,0
507011158,1405,73,0.05195729537366548
507011159,6391,556,0.0869973400093882
507011160,4911,386,0.07859906332722459
507011161,8282,592,0.07148031876358367
507011163,4071,337,0.08278064357651682
507011259,4589,330,0.07191109174112006
507011260,1389,85,0.061195104391648665
507021164,3945,222,0.05627376425855513
507021165,7807,551,0.07057768669143076
507021166,7358,561,0.0762435444414243
507021167,3,0,0
507031169,7625,731,0.0958688524590164
507031170,3240,462,0.1425925925925926
507031172,33,0,0
507031173,17,0,0
507031174,4880,625,0.12807377049180327
507031261,3047,209,0.06859205776173286
507041175,5594,351,0.06274579907043261
507041176,1959,159,0.08116385911179173
507041177,7162,460,0.06422786931024853
507041178,7296,507,0.06949013157894737
507041179,3663,301,0.08217308217308217
507041180,6063,373,0.061520699323767115
507041181,8235,425,0.05160898603521554
507041182,6264,544,0.08684546615581099
507041183,2225,179,0.08044943820224719
507041184,3149,213,0.06764052080025405
507051185,16700,1304,0.07808383233532934
507051186,3826,523,0.13669628855201255
507051187,6745,714,0.10585618977020014
507051188,6893,734,0.1064848396924416
507051189,0,0,NaN
507051190,5181,534,0.10306890561667632
507051191,10237,894,0.08733027254078343
507051192,6029,605,0.1003483164703931
507051193,5160,631,0.12228682170542636
509011225,6331,330,0.05212446690886116
509011226,1729,73,0.042220936957779065
509011227,2248,118,0.05249110320284697
509011228,2488,119,0.04782958199356913
509011229,1505,35,0.023255813953488372
509011230,2080,119,0.05721153846153846
509011231,2028,79,0.03895463510848126
509011232,1594,47,0.029485570890840654
509011233,4951,295,0.059583922439911126
509011234,2278,155,0.06804214223002635
509011235,0,0,NaN
509021236,2690,161,0.05985130111524164
509021237,1740,94,0.054022988505747126
509021238,1915,108,0.05639686684073107
509021239,3822,216,0.0565149136577708
509021240,2434,114,0.04683648315529992
509021241,2415,102,0.0422360248447205
509021242,1654,81,0.04897218863361548
509021243,4740,405,0.08544303797468354
509021244,2010,161,0.08009950248756219
509021245,2199,127,0.057753524329240566
509031246,1653,112,0.0677555958862674
509031247,2359,65,0.02755404832556168
509031248,1245,77,0.061847389558232935
509031249,2010,109,0.054228855721393035
509031250,2357,113,0.04794229953330505
510011262,7125,350,0.04912280701754386
510011263,2705,383,0.14158964879852126
510011264,865,160,0.18497109826589594
510011265,3470,235,0.06772334293948126
510011266,772,161,0.20854922279792745
510021267,3948,151,0.03824721377912867
510021268,2422,123,0.05078447563996697
510021269,2544,96,0.03773584905660377
510021270,4640,285,0.061422413793103446
510031271,8469,168,0.01983705278072972
510031272,8516,474,0.0556599342414279
510031273,2866,205,0.07152826238660154
511011274,5700,274,0.04807017543859649
511011275,1801,74,0.041088284286507494
511021276,2284,159,0.06961471103327496
511021277,2226,100,0.044923629829290206
511031278,3490,273,0.07822349570200574
511031279,7356,442,0.06008700380641653
511031280,4841,200,0.04131377814501136
511031281,0,0,NaN
511031282,2094,184,0.087870105062082135
511031283,1976,201,0.10172064777327935
511031284,0,0,NaN
511041285,5127,540,0.1053247513165594
511041286,3505,382,0.10898716119828816
511041287,3844,270,0.07023933402705515
511041288,5266,370,0.07026205848841625
511041289,1510,118,0.0781456953642384
511041290,1423,88,0.06184118060435699
511041291,1988,117,0.05885311871227364
511041292,2729,176,0.06449248809087578
597979799,341,0,0
599999499,2215,444,0.20045146726862303
601011001,2305,374,0.16225596529284164
601011002,2807,124,0.0441752760954756
601011003,2385,94,0.039412997903563944
601021004,2829,131,0.04630611523506539
601021005,4120,141,0.03422330097087379
601021006,1720,69,0.04011627906976744
601021007,5064,206,0.040679304897314375
601021008,3327,150,0.04508566275924256
601021009,1973,150,0.07602635580334516
601021010,999,92,0.0920920920920921
601021011,2548,239,0.09379905808477237
601021012,2221,101,0.045475011256190905
601031013,2074,86,0.041465766634522665
601031014,2499,202,0.08083233293317327
601031015,3473,266,0.07659084365102217
601031016,1891,142,0.0750925436277102
601031017,4501,412,0.09153521439680071
601031018,2252,144,0.06394316163410302
601031019,2484,229,0.09219001610305957
601031020,2699,239,0.0885513153019637
601031021,1865,143,0.07667560321715818
601041022,5406,306,0.05660377358490566
601041023,5091,271,0.053231192300137495
601041024,3807,154,0.040451799317047545
601041025,0,0,NaN
601041026,1679,87,0.051816557474687316
601051027,4237,330,0.0778852962001416
601051028,4499,203,0.04512113803067348
601051029,2329,201,0.08630313439244311
601051030,2950,199,0.06745762711864407
601051031,5677,419,0.07380658798661265
601051032,3097,211,0.0681304488214401
601051033,3281,176,0.05364218226150564
601061034,3520,258,0.07329545454545454
601061035,4084,217,0.053134182174338886
602011036,1426,186,0.13043478260869565
602011037,1913,143,0.07475169890224778
602011038,2623,179,0.068242470453679
602011039,1989,103,0.05178481649069885
602011040,1534,227,0.14797913950456323
602011041,3669,458,0.12482965385663669
602011042,2291,127,0.05543430816237451
602011043,1753,76,0.04335424985738734
602011044,3145,161,0.05119236883942766
602011045,1310,230,0.17557251908396945
602011046,3149,192,0.06097173705938393
602011047,2210,186,0.08416289592760182
602011048,2297,111,0.04832390074009578
602011049,2375,153,0.06442105263157895
602011050,1580,123,0.07784810126582278
602011051,2227,143,0.06421194431971262
602011052,2273,119,0.052353717553893536
602021053,1379,130,0.09427121102248005
602021054,2369,147,0.06205149852258337
602021055,2559,156,0.06096131301289566
602021056,1728,88,0.05092592592592592
602021057,1800,128,0.07111111111111111
602031058,1947,114,0.05855161787365177
602031059,2532,316,0.12480252764612954
602031060,1758,124,0.07053469852104664
602031061,1574,112,0.07115628970775095
602031062,2477,128,0.051675413807024624
602031064,2161,238,0.11013419713095789
602031099,464,34,0.07327586206896551
602031100,2783,213,0.07653611210923464
603011065,856,70,0.08177570093457943
603011066,1350,112,0.08296296296296296
603011067,2751,151,0.05488913122500909
603011068,12,0,0
603021069,1205,44,0.036514522821576766
603021070,1681,112,0.06662700773349196
603021071,1427,117,0.08199018920812894
603021072,3734,232,0.06213176218532405
603031073,847,53,0.06257378984651712
603031074,1734,93,0.05363321799307959
604011075,1326,145,0.10935143288084465
604011076,2438,155,0.06357670221493027
604011077,1626,189,0.11623616236162361
604011078,2655,219,0.08248587570621468
604011079,2289,136,0.059414591524683265
604011080,1621,124,0.07649599012954966
604011081,1674,128,0.07646356033452807
604011082,2877,220,0.0764685436218283
604011083,1690,149,0.08816568047337278
604011084,2447,194,0.07928075194115243
604021085,5708,530,0.09285213735108619
604021086,1756,189,0.10763097949886105
604021087,1985,128,0.06448362720403022
604021088,1682,109,0.06480380499405469
604021089,2515,165,0.06560636182902585
604021090,1513,82,0.054196959682749506
604021091,2628,174,0.06621004566210045
604021092,1567,74,0.047223994894703254
604031093,826,27,0.03268765133171913
604031094,1950,78,0.04
604031095,1828,100,0.05470459518599562
604031096,1662,118,0.07099879663056559
604031097,1760,243,0.1380681818181818
604031098,0,0,NaN
697979799,50,0,0
699999499,345,95,0.2753623188405797
701011001,10,0,0
701011002,4217,176,0.041735831159592125
701011003,8,0,0
701011004,1905,73,0.03832020997375328
701011005,2285,77,0.03369803063457331
701011006,1294,88,0.06800618238021638
701011007,1579,58,0.03673210892970234
701011008,2650,93,0.03509433962264151
701011009,1883,56,0.02973977695167286
701021010,1123,88,0.07836153161175423
701021011,1264,75,0.05933544303797468
701021012,549,35,0.06375227686703097
701021013,1986,104,0.05236656596173213
701021014,0,0,NaN
701021015,0,0,NaN
701021016,1630,80,0.049079754601226995
701021017,10,0,0
701021018,930,55,0.05913978494623656
701021019,2432,134,0.055098684210526314
701021020,2614,100,0.03825554705432287
701021021,2661,72,0.02705749718151071
701021022,2370,127,0.05358649789029536
701021023,1431,91,0.06359189378057302
701021024,1029,56,0.05442176870748299
701021025,2244,105,0.04679144385026738
701021026,1865,100,0.05361930294906166
701021027,1228,65,0.052931596091205214
701021028,1109,72,0.06492335437330929
701021029,966,49,0.050724637681159424
701021030,1298,55,0.0423728813559322
701031031,3241,72,0.022215365627892624
701031032,4741,190,0.040075933347395065
701031033,20,0,0
701031034,1844,80,0.04338394793926247
701031035,2191,134,0.0611592879963487
701041036,1839,102,0.05546492659053834
701041037,1552,86,0.055412371134020616
701041038,2517,107,0.04251092570520461
701041039,1537,118,0.07677293428757319
701041040,1278,110,0.08607198748043818
701041041,2381,87,0.036539269214615706
701041042,1796,50,0.02783964365256125
701041043,3624,148,0.04083885209713024
701041044,1687,101,0.05986959098992294
702011045,2129,81,0.0380460310004697
702011046,2743,93,0.03390448414145097
702011047,2264,99,0.04372791519434629
702011048,2605,77,0.029558541266794625
702011049,2187,45,0.0205761316872428
702011050,1195,71,0.059414225941422594
702011051,1106,41,0.037070524412296565
702011052,1147,491,0.4280732345248474
702011053,779,217,0.2785622593068036
702011054,820,429,0.5231707317073171
702021055,796,193,0.24246231155778894
702021056,1248,89,0.07131410256410256
702031057,1955,166,0.08491048593350384
702031058,644,125,0.19409937888198758
702031059,597,269,0.45058626465661644
702031060,685,163,0.23795620437956205
702031061,1147,338,0.2946817785527463
702041062,847,128,0.1511216056670602
702041063,1661,400,0.2408187838651415
702041064,1600,40,0.025
702051065,635,102,0.16062992125984252
702051066,1064,194,0.18233082706766918
702051067,4311,161,0.03734632335884946
702051068,715,124,0.17342657342657342
797979799,25,0,0
799999499,647,76,0.11746522411128284
801011001,1188,39,0.03282828282828283
801011002,3885,301,0.07747747747747748
801011003,4085,244,0.059730722154222766
801011004,1502,90,0.05992010652463382
801011005,1448,67,0.0462707182320442
801011006,3983,152,0.03816218930454431
801011007,2827,121,0.042801556420233464
801011008,2489,136,0.05464041783848935
801011009,1757,80,0.045532157085941945
801011010,1039,43,0.04138594802694899
801011011,1759,89,0.05059693007390563
801011012,3,0,0
801011013,1474,77,0.05223880597014925
801011014,1538,64,0.04161248374512354
801011015,2246,123,0.054764024933214604
801011016,3821,210,0.05495943470295734
801011017,1893,88,0.04648705758055996
801011018,66,6,0.09090909090909091
801011019,3848,145,0.037681912681912684
801011020,1379,63,0.04568527918781726
801011021,1447,69,0.04768486523842433
801011022,1534,59,0.038461538461538464
801011023,1345,72,0.053531598513011154
801011024,1470,93,0.06326530612244897
801011025,1318,73,0.05538694992412747
801011026,1289,55,0.04266873545384019
801011111,5,0,0
801011112,8,0,0
801031031,3,0,0
801031032,13,0,0
801031113,382,38,0.09947643979057591
801031114,65,4,0.06153846153846154
801031115,89,0,0
801041034,3158,132,0.04179860671310956
801041035,3626,158,0.043574186431329286
801041036,3498,116,0.03316180674671241
801041037,2652,76,0.02865761689291101
801041038,2411,97,0.040232268768146
801041039,3833,195,0.050873989042525436
801041040,3548,227,0.06397970687711386
801041043,133,3,0.022556390977443608
801041044,4447,196,0.04407465707218349
801041045,5,0,0
801041046,5964,246,0.04124748490945674
801041047,3792,151,0.03982067510548523
801041048,3106,158,0.050869285254346426
801041116,0,0,NaN
801041117,0,0,NaN
801041118,373,18,0.04825737265415549
801041119,4,3,0.75
801041120,47,0,0
801041121,0,0,NaN
801041122,0,0,NaN
801051049,978,278,0.2842535787321063
801051050,2558,109,0.042611415168100075
801051051,3640,223,0.06126373626373626
801051053,2249,280,0.12449977767896843
801051054,1229,70,0.05695687550854353
801051055,1944,110,0.056584362139917695
801051056,1522,69,0.04533508541392904
801051057,2809,150,0.053399786400854396
801051058,3054,151,0.049443352979698756
801051060,2458,135,0.054922701383238404
801051061,3376,160,0.04739336492890995
801051123,0,0,NaN
801051124,1672,81,0.04844497607655503
801051125,1429,0,0
801051126,0,0,NaN
801051127,869,71,0.08170310701956271
801051128,0,0,NaN
801061062,1391,60,0.043134435657800146
801061063,917,22,0.023991275899672846
801061064,2568,91,0.03543613707165109
801061066,0,0,NaN
801061067,2977,165,0.05542492442055761
801061068,0,0,NaN
801061069,1533,89,0.05805609915198956
801061070,1421,67,0.047149894440534836
801061129,982,18,0.018329938900203666
801061130,19,0,0
801061131,3121,75,0.024030759371996155
801071071,2859,116,0.04057362714235747
801071072,2242,105,0.04683318465655665
801071073,3325,134,0.04030075187969925
801071074,2905,112,0.03855421686746988
801071075,2891,113,0.03908682116914562
801071076,1678,43,0.02562574493444577
801071077,1524,63,0.04133858267716536
801071078,4430,198,0.04469525959367946
801071079,1612,60,0.03722084367245657
801071080,1098,59,0.05373406193078324
801071081,2368,104,0.04391891891891892
801071082,7533,339,0.04500199123855038
801071083,839,19,0.02264600715137068
801071084,2795,104,0.037209302325581395
801071085,0,0,NaN
801071086,927,51,0.05501618122977346
801071087,1673,87,0.052002390914524806
801071088,2244,101,0.04500891265597148
801071089,14,0,0
801071090,3960,200,0.050505050505050504
801071132,3,0,0
801081091,1350,44,0.03259259259259259
801081092,1586,58,0.03656998738965952
801081093,1477,52,0.035206499661475966
801081094,1349,56,0.04151223128243143
801081095,1530,85,0.05555555555555555
801081096,920,39,0.042391304347826085
801081097,1305,50,0.038314176245210725
801081098,1670,66,0.03952095808383234
801081133,3,0,0
801091099,1309,64,0.04889228418640183
801091100,2622,84,0.032036613272311214
801091101,1680,63,0.0375
801091102,1581,62,0.0392156862745098
801091103,1365,59,0.04322344322344322
801091104,1148,51,0.04442508710801394
801091105,1515,88,0.058085808580858087
801091106,1712,80,0.04672897196261682
801091107,476,13,0.0273109243697479
801091108,1288,57,0.04425465838509317
801091109,1863,85,0.045625335480407946
801091110,1177,56,0.0475785896346644
801101134,3,0,0
801101135,1039,35,0.03368623676612127
801101136,0,0,NaN
801101137,3,0,0
801101138,4,6,1.5
801101139,1850,37,0.02
801111140,323,7,0.021671826625386997
801111141,20,0,0
897979799,0,0,NaN
899999499,248,44,0.1774193548387097
901011001,840,16,0.01904761904761905
901021002,234,9,0.038461538461538464
901031003,146,13,0.08904109589041095
901041004,983,16,0.01627670396744659
997979799,6,0,0
999999499,18,3,0.16666666666666666
